{"cameraMode":{"drawMode":0,"name":"Shaded","section":"Shading Mode"},"sceneLighting":true,"audioPlay":false,"sceneViewState":{"m_AlwaysRefresh":false,"showFog":true,"showSkybox":true,"showFlares":true,"showImageEffects":true,"showParticleSystems":true,"showVisualEffectGraphs":true,"m_FxEnabled":false},"in2DMode":false,"pivot":{"x":0.773139476776123,"y":5.6929450035095219,"z":-14.933366775512696},"rotation":{"x":-0.0916794091463089,"y":0.005075243767350912,"z":-0.00046720312093384564,"w":-0.9957762360572815},"size":0.8660253882408142,"orthographic":false}