{"cameraMode":{"drawMode":0,"name":"Shaded","section":"Shading Mode"},"sceneLighting":true,"audioPlay":false,"sceneViewState":{"m_AlwaysRefresh":false,"showFog":true,"showSkybox":true,"showFlares":true,"showImageEffects":true,"showParticleSystems":true,"showVisualEffectGraphs":true,"m_FxEnabled":false},"in2DMode":false,"pivot":{"x":12.321000099182129,"y":18.988189697265626,"z":0.3266998529434204},"rotation":{"x":-0.1710229516029358,"y":0.01861189305782318,"z":-0.0032324509229511024,"w":-0.9850901365280151},"size":0.8660253882408142,"orthographic":false}